{"accountable_us": 0.88, "actdottv": 0.5454545454545454, "aldianews": 1.0, "afjustice": 0.5, "altnews": 1.0, "alternet": 1.0, "aidc_rsa": 0.6666666666666666, "american_bridge": 0.875, "autostraddle": 1.0, "billmoyers": 1.0, "bitchmedia": 1.0, "blkagendareport": 0.9375, "bjsocialnetwork": 0.3333333333333333, "bust_magazine": 0.47058823529411764, "jegtheme": 0.2608695652173913, "cdn_dimension": 0.7333333333333333, "capitalandmain": 1.0, "care2": 1.0, "ceasefiremag": 0.8275862068965517, "amprog": 0.5454545454545454, "exposedbycmd": 0.21052631578947367, "c4ssdotorg": 0.5714285714285714, "chicagoreporter": 1.0, "climatehome": 0.6428571428571429, "colorlines": 1.0, "commune_mag": 0.9523809523809523, "cosmopolitan": 1.0, "countercurrents": 1.0, "crimethinc": 1.0, "crookedmedia": 0.7368421052631579, "crooksandliars": 1.0, "curaffairs": 0.8333333333333334, "thedailybeast": 1.0, "dailykos": 1.0, "daily_record": 0.9565217391304348, "dailysoundnfury": 0.9375, "dallasvoice": 1.0, "deadstatetweets": 0.75, "deadspin": 1.0, "democracyguard": 0.9032258064516129, "demjournal": 0.7692307692307693, "dbidaily": 0.3, "dissentmag": 0.8, "davidsirota": 0.23529411764705882, "ecowatch": 1.0, "egbertowillies": 1.0, "votemaster": 0.3333333333333333, "esquire": 1.0, "extranewsfeed": 1.0, "feministing": 1.0, "anarchybookfair": 0.15384615384615385, "forpoljournal": 0.7878787878787878, "freedom_paper": 0.6666666666666666, "frontpage_live": 0.9629629629629629, "gawker": 1.0, "gaystarnews": 1.0, "gizmodo": 1.0, "glaad": 1.0, "globalvoices": 1.0, "good": 1.0, "gq_germany": 0.3333333333333333, "delong": 0.5714285714285714, "greenleftonline": 0.75, "guardemocracy": 0.7222222222222222, "haaretzcom": 0.8235294117647058, "high_times_mag": 0.782608695652174, "anteksiler": 0.36363636363636365, "inthesetimesmag": 0.8888888888888888, "thealligator": 0.8571428571428571, "infcomment": 0.4444444444444444, "ips_dc": 0.8333333333333334, "intpolicydigest": 1.0, "iastartingline": 0.9333333333333333, "igd_news": 0.4, "jacobin": 0.8235294117647058, "jezebel": 1.0, "laweekly": 1.0, "left_voice": 0.9473684210526315, "lgbtqnation": 1.0, "green_footballs": 0.8, "mmfa": 0.25, "meduza_en": 0.8, "meiselasb": 0.5, "miaminewtimes": 1.0, "muncievoice": 1.0, "mkeind": 0.46153846153846156, "plesk": 0.21052631578947367, "msmagazine": 1.0, "nationofchange": 1.0, "nrdc": 1.0, "newint": 1.0, "newpoliticsmag": 0.6, "newstatesman": 1.0, "newyorker": 1.0, "newsone": 1.0, "novaramedia": 1.0, "occupy": 1.0, "pastemagazine": 1.0, "peacockpanache": 0.9655172413793104, "people": 1.0, "pinknews": 1.0, "politribune": 0.631578947368421, "politizoom": 1.0, "juddlegum": 0.25, "popresistance": 0.8666666666666667, "boldprogressive": 0.967741935483871, "projectcensored": 1.0, "queerty": 1.0, "readingthepix": 0.7741935483870968, "therealnews": 1.0, "buildresilience": 0.8, "ringoffireradio": 0.5454545454545454, "rollingstone": 1.0, "salon": 1.0, "sfbayview": 1.0, "scarymommy": 1.0, "seventeen": 1.0, "shadowproofcom": 0.88, "byshondaland": 0.9090909090909091, "slate": 1.0, "sludge": 0.75, "worldsocialism": 1.0, "splcenter": 1.0, "splinter_news": 0.96, "teenvogue": 1.0, "amerindependent": 0.8823529411764706, "theprospect": 0.8421052631578947, "austinchronicle": 1.0, "thebafflermag": 0.8695652173913043, "_uhurunews_": 0.38461538461538464, "thecanaryuk": 0.9, "thedailybanter": 1.0, "thedailybuzz5": 0.7272727272727273, "thedailyvox": 1.0, "dodo": 0.7272727272727273, "funder": 0.21052631578947367, "flasqueeze": 0.7407407407407407, "thegailygrind": 1.0, "theindypendent": 0.88, "highbrow_nobrow": 0.26666666666666666, "levernews": 1.0, "thelilynews": 0.7777777777777778, "londoneconomic": 0.9032258064516129, "themarysue": 1.0, "m_star_online": 0.7333333333333333, "newcivilrights": 0.717948717948718, "palestinechron": 0.875, "theprogressive": 0.88, "theroot": 1.0, "washspec": 0.5925925925925926, "theweek": 1.0, "them": 1.0, "thinkprogress": 1.0, "treehugger": 1.0, "truthdig": 1.0, "ur_ninja": 0.42105263157894735, "uproxx": 1.0, "upworthy": 1.0, "vanityfair": 1.0, "washpress_news": 0.6206896551724138, "froomkin": 0.08695652173913043, "ser1897": 0.13333333333333333, "workersworld": 0.7368421052631579, "yesmagazine": 1.0, "yourblackworld": 1.0, "604now": 1.0, "972mag": 1.0, "whitehouse": 1.0, "abc": 0.0, "abcaustralia": 0.4, "abc11_wtvd": 0.6666666666666666, "aclu": 1.0, "adaderana": 1.0, "aeonmag": 0.7272727272727273, "africaarguments": 0.967741935483871, "africanews": 1.0, "ahval_en": 0.7058823529411765, "ajenglish": 0.2222222222222222, "almonitor": 0.9473684210526315, "timesunion": 1.0, "albertaviewsmag": 0.8888888888888888, "americamag": 0.8, "ampubmedia": 0.6896551724137931, "americanpurpose": 1.0, "adl": 1.0, "areomagazine": 1.0, "azcentral": 1.0, "arktimes": 1.0, "asheville": 0.18181818181818182, "ap": 0.5, "theatlantic": 1.0, "attn": 1.0, "baptist_news": 0.9565217391304348, "barrietoday": 1.0, "bcenquirer": 0.6896551724137931, "baynature": 1.0, "bbcworld": 0.5454545454545454, "berlinerzeitung": 0.967741935483871, "birmingham_live": 0.7586206896551724, "blackpressusa": 1.0, "bleacherreport": 1.0, "bspinmn": 0.2727272727272727, "bostonglobe": 1.0, "bmptguardian": 0.8571428571428571, "brennancenter": 1.0, "brookingsinst": 0.8181818181818182, "bustle": 1.0, "buzzfeednews": 1.0, "bylineradio": 0.6363636363636364, "canadaland": 1.0, "cpublicpress": 0.7741935483870968, "cbc": 1.0, "cbsnews": 1.0, "censor_net": 0.75, "c4ads": 1.0, "cgdev": 1.0, "center4inquiry": 0.8666666666666667, "cipolicy": 0.5185185185185185, "cnasdc": 0.8, "focus_taiwan": 0.9565217391304348, "cheddar": 1.0, "suntimes": 1.0, "citizentruth_": 0.96, "cityandstateny": 1.0, "clarionledger": 1.0, "cleantechnica": 1.0, "coed": 1.0, "investigateru": 0.8666666666666667, "complex": 1.0, "connpost": 0.7142857142857143, "callerdotcom": 0.6666666666666666, "crosscut": 1.0, "ctmirror": 1.0, "dailyhampgaz": 0.2727272727272727, "dailymirror": 0.7058823529411765, "dnj_com": 0.6, "dawn_com": 0.6666666666666666, "dcreportmedia": 0.7619047619047619, "deadline": 1.0, "debunkdenialism": 0.9090909090909091, "delawareonline": 1.0, "d21online": 0.3, "dandc": 0.4, "denverpost": 1.0, "denverwestword": 0.7272727272727273, "freep": 1.0, "dutchreviewing": 0.88, "earthjustice": 1.0, "eastbaytimes": 1.0, "econofactorg": 0.8571428571428571, "economicpolicy": 0.35294117647058826, "el_pais": 0.9230769230769231, "elpasotimes": 1.0, "eff": 1.0, "engadget": 1.0, "ew": 1.0, "espn": 1.0, "euobs": 0.6666666666666666, "eurasiareview": 1.0, "euronews": 1.0, "courierpress": 1.0, "myfairobserver": 0.9230769230769231, "fairvote": 1.0, "fastcompany": 1.0, "fivethirtyeight": 1.0, "foodnavigator": 1.0, "fortworthweekly": 0.6956521739130435, "franceinfo": 0.9090909090909091, "freakonomics": 1.0, "risk_insights": 0.7741935483870968, "gothamist": 1.0, "governing": 1.0, "govacctproj": 0.16666666666666666, "govexec": 1.0, "gridnews": 0.6666666666666666, "grist": 1.0, "mercurytribune": 0.5185185185185185, "thespec": 1.0, "health_com_": 0.7058823529411765, "heavysan": 0.7692307692307693, "hechingerreport": 1.0, "hsfi": 0.6666666666666666, "highcountrynews": 0.3333333333333333, "htshowbiz": 0.17391304347826086, "myhnn": 0.2608695652173913, "thr": 0.2, "civilbeat": 1.0, "staradvertiser": 1.0, "hrw": 1.0, "icenews": 1.0, "independentaus": 0.8235294117647058, "theipaper": 0.2857142857142857, "infobae": 1.0, "theinquisitr": 0.8571428571428571, "insideedition": 1.0, "insidephilanthr": 0.9090909090909091, "thisisinsider": 0.7, "insideclimate": 0.8666666666666667, "instituteforgov": 0.8108108108108109, "crisisgroup": 1.0, "inversedotcom": 0.7, "jxnfreepress": 0.7857142857142857, "jalopnik": 1.0, "jointcenter": 1.0, "just_security": 0.96, "khnews": 0.6666666666666666, "cbsdenver": 0.35294117647058826, "knightfdn": 0.64, "koconews": 0.6666666666666666, "kotaku": 1.0, "cbssacramento": 0.38095238095238093, "kqed": 1.0, "kuow": 1.0, "kyivpost": 1.0, "jconline": 1.0, "latimes": 1.0, "lemondefr": 0.875, "lifehacker": 1.0, "macleans": 1.0,