{"accountable_us": 0.88, "actdottv": 0.5454545454545454, "aldianews": 1.0, "afjustice": 0.5, "altnews": 1.0, "alternet": 1.0, "aidc_rsa": 0.6666666666666666, "american_bridge": 0.875}