{"accountable_us": 0.88, "actdottv": 0.5454545454545454, "aldianews": 1.0, "afjustice": 0.5, "altnews": 1.0, "alternet": 1.0, "aidc_rsa": 0.6666666666666666, "american_bridge": 0.875, "autostraddle": 1.0, "billmoyers": 1.0, "bitchmedia": 1.0, "blkagendareport": 0.9375, "bjsocialnetwork": 0.3333333333333333, "brutamerica": 0.5333333333333333, "bust_magazine": 0.47058823529411764, "jegtheme": 0.2608695652173913, "cdn_dimension": 0.7333333333333333, "capitalandmain": 1.0, "care2": 1.0, "ceasefiremag": 0.8275862068965517, "amprog": 0.5454545454545454, "exposedbycmd": 0.21052631578947367, "c4ssdotorg": 0.5714285714285714, "chicago_reader": 0.9629629629629629, "chicagoreporter": 1.0, "climatehome": 0.6428571428571429, "colorlines": 1.0, "commune_mag": 0.9523809523809523, "cosmopolitan": 1.0, "countercurrents": 1.0, "crimethinc": 1.0, "crookedmedia": 0.7368421052631579, "crooksandliars": 1.0, "curaffairs": 0.8333333333333334, "therealcurve": 0.5, "thedailybeast": 1.0, "dailykos": 1.0, "daily_record": 0.9565217391304348, "dailysoundnfury": 0.9375, "dallasvoice": 1.0, "deadstatetweets": 0.75, "deadspin": 1.0, "deepsouthvoice": 1.0, "democracyguard": 0.9032258064516129, "demjournal": 0.7692307692307693, "dbidaily": 0.3, "desmog": 0.75, "dissentmag": 0.8, "davidsirota": 0.23529411764705882, "ecowatch": 1.0, "egbertowillies": 1.0, "votemaster": 0.3333333333333333, "elitedaily": 1.0, "esquire": 1.0, "extranewsfeed": 1.0, "feministing": 1.0, "anarchybookfair": 0.15384615384615385, "forpoljournal": 0.7878787878787878, "foreignpolicyns": 0.9375, "freedom_paper": 0.6666666666666666, "frontpage_live": 0.9629629629629629, "gawker": 1.0, "gaystarnews": 1.0, "gizmodo": 1.0, "glaad": 1.0, "globalvoices": 1.0, "good": 1.0, "gq_germany": 0.3333333333333333, "greenleftonline": 0.75, "guardemocracy": 0.7222222222222222, "haaretzcom": 0.8235294117647058, "high_times_mag": 0.782608695652174, "anteksiler": 0.36363636363636365, "inthesetimesmag": 0.8888888888888888, "thealligator": 0.8571428571428571, "infcomment": 0.4444444444444444, "ips_dc": 0.8333333333333334, "intpolicydigest": 1.0, "iastartingline": 0.9333333333333333, "igd_news": 0.4, "jacobin": 0.8235294117647058, "jezebel": 1.0, "laweekly": 1.0, "lgbtqnation": 1.0, "libamericaorg": 0.7407407407407407, "green_footballs": 0.8, "mebeacon": 0.8421052631578947, "mmfa": 0.25, "meduza_en": 0.8, "meiselasb": 0.5, "miaminewtimes": 1.0, "muncievoice": 1.0, "mkeind": 0.46153846153846156, "plesk": 0.21052631578947367, "msmagazine": 1.0, "nationofchange": 1.0, "nrdc": 1.0, "newint": 1.0, "newpoliticsmag": 0.6, "newstatesman": 1.0, "newyorker": 1.0, "newsone": 1.0, "novaramedia": 1.0, "occupy": 1.0, "pastemagazine": 1.0, "peacockpanache": 0.9655172413793104, "people": 1.0, "pinknews": 1.0, "politribune": 0.631578947368421, "politizoom": 1.0, "juddlegum": 0.25, "popresistance": 0.8666666666666667, "pressprogress": 1.0, "boldprogressive": 0.967741935483871, "projectcensored": 1.0, "queerty": 1.0, "rabbleca": 0.8571428571428571, "readingthepix": 0.7741935483870968, "therealnews": 1.0, "redpeppermag": 0.8571428571428571, "refinery29": 1.0, "buildresilience": 0.8, "therevcoms": 0.75, "ringoffireradio": 0.5454545454545454, "rollingstone": 1.0, "salon": 1.0, "sfbayview": 1.0, "scarymommy": 1.0, "elonmusk": 0.5263157894736842, "seventeen": 1.0, "shadowproofcom": 0.88, "byshondaland": 0.9090909090909091, "slate": 1.0, "sludge": 0.75, "gop": 0.25, "splcenter": 1.0, "splinter_news": 0.96, "teenvogue": 1.0, "amerindependent": 0.8823529411764706, "theprospect": 0.8421052631578947, "austinchronicle": 1.0, "thebafflermag": 0.8695652173913043, "_uhurunews_": 0.38461538461538464, "thecanaryuk": 0.9, "thedailybanter": 1.0, "thedailybuzz5": 0.7272727272727273, "thedailyvox": 1.0, "dodo": 0.7272727272727273, "funder": 0.21052631578947367, "flasqueeze": 0.7407407407407407, "thegailygrind": 1.0, "gravelinstitute": 1.0, "theindypendent": 0.88, "highbrow_nobrow": 0.26666666666666666, "levernews": 1.0, "thelilynews": 0.7777777777777778, "londoneconomic": 0.9032258064516129, "themarysue": 1.0, "m_star_online": 0.7333333333333333, "newcivilrights": 0.717948717948718, "palestinechron": 0.875, "theprogressive": 0.88, "theroot": 1.0, "washspec": 0.5925925925925926, "theweek": 1.0, "them": 1.0, "thinkprogress": 1.0, "tlrd": 0.6153846153846154, "treehugger": 1.0, "truthdig": 1.0, "ur_ninja": 0.42105263157894735, "uproxx": 1.0, "upworthy": 1.0, "vanityfair": 1.0, "washpress_news": 0.6206896551724138, "froomkin": 0.08695652173913043, "wonkette": 1.0, "workersworld": 0.7368421052631579, "wsws_updates": 0.5, "yesmagazine": 1.0, "yourblackworld": 1.0, "604now": 1.0, "972mag": 1.0, "whitehouse": 1.0, "abc": 0.0, "abcaustralia": 0.4, "abc11_wtvd": 0.6666666666666666, "aclu": 1.0, "adaderana": 1.0, "aeonmag": 0.7272727272727273, "africaarguments": 0.967741935483871, "africanews": 1.0, "ahval_en": 0.7058823529411765, "ajenglish": 0.2222222222222222, "almonitor": 0.9473684210526315, "timesunion": 1.0, "albertaviewsmag": 0.8888888888888888, "americamag": 0.8, "ampubmedia": 0.6896551724137931, "americanpurpose": 1.0, "thespec": 1.0, "anthropocenemag": 0.8571428571428571, "adl": 1.0, "areomagazine": 1.0, "azcentral": 1.0, "arktimes": 1.0, "asheville": 0.18181818181818182, "ap": 0.5, "theatlantic": 1.0, "attn": 1.0, "baptist_news": 0.9565217391304348, "barrietoday": 1.0, "bcenquirer": 0.6896551724137931, "baynature": 1.0, "bbcworld": 0.5454545454545454, "berkeleyside": 1.0, "berlinerzeitung": 0.967741935483871, "birmingham_live": 0.7586206896551724, "blackpressusa": 1.0, "bleacherreport": 1.0, "bostonglobe": 1.0, "bgr": 1.0, "bmptguardian": 0.8571428571428571, "brennancenter": 1.0, "brookingsinst": 0.8181818181818182, "businessinsider": 1.0, "bustle": 1.0, "buzzfeednews": 1.0, "bylineradio": 0.6363636363636364}